Repository,Archived,Last Commit,Message,URL
recruiting,false,2024-02-04T04:47:26Z,No payments found,https://github.com/Ubiquity/recruiting
github-labels-processor,false,2024-02-02T15:37:09Z,No payments found,https://github.com/Ubiquity/github-labels-processor
nft-rewards,false,2024-02-02T15:02:36Z,No payments found,https://github.com/Ubiquity/nft-rewards
work.ubq.fi,false,2024-01-30T13:20:49Z,No payments found,https://github.com/Ubiquity/work.ubq.fi
devpool-directory,false,2024-01-29T18:32:23Z,No payments found,https://github.com/Ubiquity/devpool-directory
cloudflare-deploy-action,false,2024-01-23T06:55:33Z,No payments found,https://github.com/Ubiquity/cloudflare-deploy-action
contribution-analyzer,false,2024-01-02T06:31:06Z,No payments found,https://github.com/Ubiquity/contribution-analyzer
ubiquibot-logging,false,2023-12-15T08:08:09Z,No payments found,https://github.com/Ubiquity/ubiquibot-logging
ubiquibot-logger,false,2023-12-09T04:33:52Z,No payments found,https://github.com/Ubiquity/ubiquibot-logger
faucet,false,2023-11-27T11:22:57Z,No payments found,https://github.com/Ubiquity/faucet
foundry-storage-check,false,2023-09-27T21:16:38Z,No payments found,https://github.com/Ubiquity/foundry-storage-check
foundry-storage-check-nonfork,false,2023-09-26T08:04:05Z,No payments found,https://github.com/Ubiquity/foundry-storage-check-nonfork
config-hunter,false,2023-09-23T03:05:35Z,No payments found,https://github.com/Ubiquity/config-hunter
github-agents,false,2023-07-06T17:48:26Z,No payments found,https://github.com/Ubiquity/github-agents
gnosischain.world,false,2023-06-08T09:09:19Z,No payments found,https://github.com/Ubiquity/gnosischain.world
uniswap-v3-liquidity-provider-indicator,false,2022-11-15T14:22:52Z,No payments found,https://github.com/Ubiquity/uniswap-v3-liquidity-provider-indicator
tiny-bonds,false,2022-11-06T06:50:58Z,No payments found,https://github.com/Ubiquity/tiny-bonds
ubiquiverse-landing-page,false,2022-10-04T14:38:22Z,No payments found,https://github.com/Ubiquity/ubiquiverse-landing-page
ubiquity-instadapp,false,2022-06-28T21:09:43Z,No payments found,https://github.com/Ubiquity/ubiquity-instadapp
the-ubiquity-stick,true,2022-06-28T21:08:04Z,No payments found,https://github.com/Ubiquity/the-ubiquity-stick
dsa-connect,false,2022-01-17T15:07:44Z,No payments found,https://github.com/Ubiquity/dsa-connect
simple-bond,true,2022-01-13T18:23:47Z,No payments found,https://github.com/Ubiquity/simple-bond
assembly,false,2022-01-01T15:40:24Z,No payments found,https://github.com/Ubiquity/assembly
dsa-resolvers,false,2021-12-19T19:37:37Z,No payments found,https://github.com/Ubiquity/dsa-resolvers
dsa-connectors,false,2021-12-13T18:32:59Z,No payments found,https://github.com/Ubiquity/dsa-connectors
launch-party,true,2021-11-16T13:06:00Z,No payments found,https://github.com/Ubiquity/launch-party
olympus-contracts,false,2021-11-11T19:24:36Z,No payments found,https://github.com/Ubiquity/olympus-contracts
uad-contracts,true,2021-10-22T09:45:40Z,No payments found,https://github.com/Ubiquity/uad-contracts
land-dao-admin-ui,true,2021-10-10T16:10:49Z,No payments found,https://github.com/Ubiquity/land-dao-admin-ui
nft-contracts,true,2021-09-05T13:39:38Z,No payments found,https://github.com/Ubiquity/nft-contracts
vfat-tools,false,2021-09-02T20:56:47Z,No payments found,https://github.com/Ubiquity/vfat-tools
web3-ui-dynamic,true,2021-05-24T07:41:28Z,No payments found,https://github.com/Ubiquity/web3-ui-dynamic
uad-ui-prototyping,true,2021-02-11T19:36:45Z,No payments found,https://github.com/Ubiquity/uad-ui-prototyping
uad-debt-contracts-prototyping,true,2021-01-29T12:42:44Z,No payments found,https://github.com/Ubiquity/uad-debt-contracts-prototyping
uad-bonding-contracts-prototyping,true,2021-01-19T05:05:18Z,No payments found,https://github.com/Ubiquity/uad-bonding-contracts-prototyping
uad-common-contracts-prototyping,true,2020-12-23T16:45:40Z,No payments found,https://github.com/Ubiquity/uad-common-contracts-prototyping